,,,,,,,,,,
,Бренд,Направление,Линия,Конкретика,Старое/новое,Код,Название,Объём,Цена,Характеристика
,Algologie,Уход за кожей лица,Detox & Clean,Очищение кожи,ALGOLOGIE CLASSIC,104MV,"Очищающая мицеллярная вода
/Micellar Cleansing Water",100 мл,"20,10","Идеальное средство  3 в 1  для очищения кожи лица, включая нежную область  вокруг глаз; для  снятия макияжа, а также  для тонизирования, увлажнения и реминеризации кожи. Mицеллы подобно магниту притягивают загрязнения и кожный жир, обеспечивая деликатное, но глубокое очищение даже самой чувствительной кожи, сохраняя ее липидную защиту и естественный уровень рН. Algo4Complex успокаивает, увлажняет кожу, стимулирует клеточное обновление."
,,,,,,202,Гидрофильное очищающее масло с экстрактом морского критмума и витамином Е,150 мл,"26,25","Инновационное средство для очищения всех типов кожи и эффективного удаления макияжа, подходит даже для самой чувствительной кожи, прекрасно очищает, успокаивает и наполняет кожу сиянием. Масло при контакте с водой превращается в молочко, которое  эффективно удаляет кожный жир, загрязнения и даже стойкий макияж, при этом дарит коже ощущение комфорта. Масло Жожоба, миндаля и ореха макадами увлажняют и  успокаивают, Морской критмум и фитосквалан  нормализуют жирность и оказывают антиоксидантное действие."
,,,,,,216,Гель для глубокого очищения,200 мл,"23,85","Благодаря насыщенной текстуре и мягкой моющей основе без содержания мыла, этот гель бережно устраняет макияж и загрязнения, не раздражая даже самую чувствительную кожу  и не нарушая эпидермальный барьер. Algo4complex и экстракт водорослей регулируют деятельность сальных желез, оказывают тонизирующее, увлажняющее и освежающее действие.  В результате микроциркуляция кожи усиливается, её тон приобретает здоровое сияние."
,,,,,,271,Гель очищающий пенящийся/Foaming Gel Cleanser,200 мл,"24,00","Освежающий гель с  противовоспалительным, себорегулирующим, антибактериальным действием   для жирной и проблемной кожи с явлениями себореи, акне. Удаляет  косметику, излишки кожного жира, загрязнения и мертвые клетки, которые придают коже тусклый оттенок. Активные компоненты очищают поры и уменьшают их диаметр. Гель великолепно выравнивает поверхность кожи и придает ей матовость. Нежная и шелковистая пена легко смывается водой. Нейтрализует жесткость воды."
,,,,,ALGOLOGIE NEW ,VNA102,"Средство для быстрого удаления ма-кияжа с глаз и губ
/Eye Make-Up Remover
",125 мл,"24,75","Улучшенная формула  эффективно снимает макияж с век  и ресниц,  включая водостойкую тушь и подходит при наличии контактных линз и для очень чувствительной кожи. Синергизм Розовой и Васильковой воды обладает противовоспалительными  свойствами, уменьшает отечность и морщинки вокруг глаз, Cиликоновое масло смягчает, обеспечивает длительное увлажнение и защиту."
,,,,,,VNA003,Олиго-мицеллярная вода,200 мл,"25,20","Ощущение чистоты и свежести от умывания водой… без воды? Это возможно! Эксклюзивное биомиметическое средство для очищения всех типов  кожи, включая самую чувствительную, и нежную облаcть вокруг глаз, Новая формула  с эффектом оксигенации, стимуляции, тонизирования, увлажнения и реминеризации кожи не требует смывания и позволяет полностью исключить умывание жесткой водой. Algo4Complex успокаивает,  увлажняет кожу, стимулирует клеточное обновление;"
,,,,,,VNA101,Очищающая кислородная пенка,120 мл,"23,25","Насыщает кожу кислородом, улучшает цвет, снимает усталость.  Успокаивает, смягчает, обеспечивает увлажнение и защиту от свободных радикалов. Деликатно очищает, в том числе кожу вокруг глаз. Легко смывается водой и нейтрализует действие содержащихся в ней известковых примесей, вызывающих сухость кожи."
,,,,,,VNA100,Молочко очищающее бархатное,200 мл,"19,50","Это нежное молочко бережно, но эффективно очищает кожу от макияжа и загрязнений, а входящие в состав формулы активные ингредиенты, усиливают защитную функцию эпидермального барьера,  успокаивают кожу, смягчают,  увлажняют и придают ей свежесть.  Дарит ощущение чистоты и  комфорта, пробуждает здоровое сияние кожи, делая ее гладкой, нежной и шелковистой,  как бархат."
,,,,,,VNA300,Мягкое очищающее молочко,200 мл,"24,75","Бережно очищает и удаляет макияж, одновременно оказывая успокаивающий эффект даже на самую чувствительную кожу. Смягчает, увлажняет, снижает чувствительность и реактивность кожи. Не вызывает дискомфорта и ощущения стянутости."
,,,,Тонизация кожи,ALGOLOGIE NEW,VNA103,Тоник увлажняющий альгамариновый,200 мл,"18,00","Биомиметический лосьон  для тонизации всех типов кожи, в том числе для нежной кожи вокруг глаз. Увлажняет и освежает кожу, восстанавливает минеральный баланс,  выравнивает и осветляет тон, оказывает смягчающее действие, подготавливая кожу к дальнейшим этапам ухода.  Не содержит спирта"
,,,,,,VNA301,"Успокаивающий лосьон
/Anti-Pollution Freshness Lotion
",200 мл,"21,75","Подходит для ухода за кожей вокруг глаз. Оказывает оздоравливающий и увлажняющий эффект, обладает успокаивающим и регенерирующим действием. Не содержит спирта."
,,,,Глубокое очищение,ALGOLOGIE CLASSIC,292,"Крем-пилинг нежный
 Деликатное отшелушивание
/Soft Caress Peel
",75 мл,"22,20","Пилинг для чувствительной кожи и кожи с куперозом. Оказывает  мягкое отшелушивающее действие, деликатно удаляет загрязнения и омертвевшие клетки, моментально придавая  коже сияние. Экстракты алое, ромашки, календулы,  василька успокаивают и разглаживают ее, дарят ощущение комфорта и позволяют поддерживать оптимальный уровень pH. Подходит для любого типа кожи, даже для самой чувствительной."
,,,,,,134,"Пилинг двойного действия
Экспресс-очищение и обновление кожи
/Lift&Lumiere  Double Radiance Peel 
",50 мл,"27,00","Благодаря наличию энзимов и альфа-гидроксильных кислот  глубоко и деликатно очищает кожу без механических частиц.  не нарушая кислотно-щелочного баланса. Стимулирует физиологический процесс обновления клеток, выравнивает тон кожи,  улучшает кровообращение и размягчает роговой слой, подготавливая кожу к дальнейшим этапам ухода. Кожа приобретает шелковистость, мягкость и сияние.  "
,,,,,,207," Крем антиоксидантный
 регенерирующий
 /Regenerative Cream
",50 мл,"27,00","Регенерирующий ночной антивозрастной  крем  для сухой кожи, а также для чувствительной и поврежденной. Успокаивает кожу, препятствует  чрезмерному развитию капиллярной сетки, нейтрализует действие свободных радикалов. Зимой рекомендуется использовать в качестве дневного крема  для  защиты от холода. В профессиональных процедурах используется на этапе глубокого  очищения под теплый компресс и для массажа лица. "
,,,,,ALGOLOGIE NEW,VNA011,"Крем-гоммаж для глубокого очищения 
Моментальное сияние для всех типов кожи
/Deep Cleansing Exfoliating Cream
",50 мл,"24,00","Биопилинг для глубокого очищения кожи. Основным составляющим средства является фитоминеральный комплекс из натуральной микрокристаллической целлюлозы и каолина, который деликатно удаляет ороговевшие клетки и избыток кожного сала. Смягчает кожу, нормализует процессы кератинизации, выравнивает рельеф,  дарит коже атласную нежность и здоровое сияние."
,,,,,,VNA204,"Увлажняющий освежающий крем-эксфолиант ”Морские волны” 
Деликатное очищение и отшелушивание
/Hydra-Refreshing Exfoliating Cream
",50 мл,"22,50","Крем-пилинг с двойным действием: очищение и увлажнение. Обеспечивает мягкое удаление отмерших клеток с поверхности кожи,  устраняет следы усталости, улучшает цвет, выравнивает текстуру, создает ощущение комфорта. Моментально подтягивает и разглаживает кожу, делает ее гладкой, нежной и сияющей, придает лицу свежий отдохнувший вид.     "
,,,,,,VNA304,"Нежный энзимный пилинг
/Anti-Pollution Gentle Peel
",50 мл,"23,40","Действие пилинга направлено на обновление кожи, отличающейся высокой чувствительностью и не переносящей агрессивного влияния ряда косметических процедур. Имеет сложную текстуру, что раскрывается во время использования: вначале – жемчужный гель, далее – масло (возможность провести процедуру  массажа), затем, при контакте с водой – молочко. Обеспечивает качественную подготовку кожи перед нанесением последующих средств."
,,,,"Концентраты (гели, ампулы, сыворотки)",ALGOLOGIE CLASSIC,180,"Целительный концентрат
с центеллой азиатской
Восстановление поврежденной кожи лица
/Сentella Repairing Concentrate
",75 мл,"38,25","Целительный концентрат  является уникальным средством  для  стимуляции процессов заживления и обновления эпидермиса.  Солнечный ожог, морозная зима, холодный ветер, жесткая, соленая или хлорированная вода, косметологические процедуры - … эти факторы повреждают кожу, провоцируют появление шелушений и покраснений.  Центелла азиатская -  лекарственное растение, которое на протяжении веков используется из-за своих регенерирующих свойств,  поможет восстановить кожу, устранить покраснения, шелушение и ощущение дискомфорта. "
,,,,,,231,"Мацерация с морскими водорослями
Для МАССАЖА лица и тела
/Algae Maceration Face & Body
",125 мл,"37,50","Мацерация для массажа лица и тела, на основе натурального концентрата  фукуса, с  высоким содержанием микроэлементов, витаминов, минералов,полисахаридов, протеинов и липидов.. Благодаря содержанию регуляторных молекул – цитокинов   стимулирует обновление кожи и синтез коллагена. Насыщает кожу активними веществами и  повышает проницаемость эпидермиса к дальнейшим этапам ухода. "
,,,,,,107,"Интенсивная увлажняющая сыворотка
/Intense Moisturizing Serum
",30 мл,"45,00","Сыворотка для обезвоженной кожи. Высокая концентрация активных увлажняющих компонентов способствует моментальной и  длительной  гидратации, повышает  упругость и эластичность кожи, разглаживает морщины. Для всех типов кожи."
,,,,,,534,"Сыворотка  со стволовыми клетками «Возрождение молодости»
 /Initial Youth Serum
",30 мл,"45,00","Легкая сыворотка для профилактики и коррекции всех признаков старения кожи после 35 лет. Прекрасно устраняет следы усталости, увлажняет и  улучшает микрорельеф кожи. При регулярном использовании  стимулирует клеточное обновление, сокращает морщины, восстанавливает упругость и эластичность кожи, укрепляет естественные механизмы ее защиты, выравнивает тон и возвращает сияние.  "
,,,,,,122,"Ультра – обновляющая сыворотка
/Ultra – Regenerative Serum
", 30 мл,"51,75","Препарат для интенсивного обновления и ремоделирования всех типов кожи после 30 лет. Оказывает лифтинговый эффект, активно стимулирует процессы регенерации и детоксикации на клеточном уровне, пробуждая все 5 жизненно важных функций кожи, отвечающих за сохранение ее молодости и красоты."
,,,,,,295,"Активная успокаивающая  крем-сыворотка
/Active Night Serum
",,,"Кожа – это естественный защитный барьер организма. Агрессивное внешнее воздействие (УФ-лучи, холод, жесткая вода…) повышает чувствительность кожи, она истончается и становится более уязвимой. Ощущение дискомфорта и стянутости, сухость, шелушение, покраснения, купероз сигнализируют, что кожа повреждена и нуждается в специальном уходе. Успокаивающая высокоэффективная эмульсионная сыворотка для чувствительной кожи и кожи с куперозом снимает  покраснение кожи, успокаивает, восстанавливает структуру и функцию эпидермального барьера.  "
,,,,,,277,"Очищающий анти акне  флюид
/Purifying Night Fluid
",30 мл,"36,75","Крем - гель для  проблемной кожи с акне с выраженным терапевтическим действием. Нормализует деятельность сальных желез, обеспечивает  антибактериальную защиту кожи, предупреждает и способствует заживлению угревых высыпаний, нормализует уровень pH. Восстанавливает барьер эпидермальных липидов, нарушенный вследствие гиперсекреции кожного сала. Усиливает регенерацию клеток и способствует более быстрому заживлению кожи при угревой болезни, постакне и любых повреждениях, в том числе после косметической экстракции."
,,,,,,289,"Отбеливающая сыворотка
/Clarifying Serum
",10*3 мл,"42,00","Уникальная Сыворотка для всех типов кожи, с интенсивным осветляющим действием,  помогает убрать   пигментацию, следы воспалений и акне, тусклый цвет лица, неровный тон, не изменяя естественный оттенок кожи."
,,,,,,131,"Сыворотка «Лифтинг и Сияние» 40+
/Lift&Lumiere Serum
",30 мл,"67,50","Эффективная сыворотка обеспечивающая заметный эффект лифтинга сразу же после нанесения. Незаменимое средство для уменьшения объема лица и моделирования его овала. Биологически активные пептиды уменьшают морщины, активируют синтез коллагена и эластина, подтягивают и укрепляют контур лица, помогая избавиться от второго подбородка."
,,,,,ALGOLOGIE NEW,VNA001,"Драгоценный эликсир для интенсивной ревитализации.
/Precious Oil Intensive Revitalisation
",30 мл,"55,20","Уникальная  формула, созданная по аналогии с гидролипидной пленкой кожи, объединяет  растительные экстракты с антивозрастным действием. Мгновенно насыщает кожу необходимым количеством активных и питательных веществ. Увлажняет, подтягивает, и защищает кожу.   Нескольких капель эликсира достаточно для того, чтобы кожа моментально стала более гладкой и подтянутой, а ежедневное применение способствует сокращению морщин, выравнивает текстуру кожи и повышает ее упругость."
,,,,,,VNA200,"Насыщенная  увлажняющая сыворотка с гиалуроновой кислотой
/Hydra-Replenishing Serum
",30 мл,"40,05","Эта сыворотка с легкой комфортной текстурой - настоящее спасение для обезвоженной кожи, испытывающей ощущение сухости и стянутости, утратившей здоровое сияние и подверженной преждевременному появлению признаков старения.  Высокая концентрация активных увлажняющих компонентов способствует мгновенной и  длительной  гидратации, повышает  упругость и эластичность кожи, разглаживает морщины и создает увлажняющее депо..  "
,,,,,,VNA004,"Интенсивная защитная сыворотка
/Intensive Hydro-Protecting Serum
",30 мл,"43,50","Специальное увлажнение кожи с видимыми возрастными изменениями. Словно защитная оболочка  сыворотка улучшает барьерные свойства рогового слоя, укрепляет эпидермис и повышает его устойчивость к воздействию внешних неблагоприятных факторов. Интенсивное увлажнение обеспечивает коже защиту от преждевременного старения, восстанавливает свежесть и упругость. Хорошо увлажненная кожа становится гладкой и излучает здоровое сияние.  "
,,,,,,VNA302,"Успокаивающая сыворотка
/Anti-Pollution & Soothing Serum
",30 мл,"41,78","Защищает и укрепляет стенки кровеносных сосудов, оказывает успокаивающее, ранозаживляющее, противовоспалительное и противоотечное действие. Возвращает ощущение комфорта и окутывает кожу мягкостью. Уменьшает чувствительность кожи, повышает мягкость и эластичность, выравнивает цвет лица."
,,,,,,VNA700,"Укрепляющая сыворотка  с эффектом дермафиллера 50+
/Redensifying & Plumping Serum
",30 мл,"63,75","Это инновационная омолаживающая сыворотка оказывает тройное действие, помогая сохранить красоту зрелой кожи. Восстанавливает плотность дермы, укрепляет ее структуру, нормализует функционирование фибробластов. День за днем  возвращает упругость и эластичность кожи, заполняет морщины, делает контуры лица более выразительными. Легкая, атласная текстура сыворотки создает ощущение бархатистости на коже после нанесения."
,,,,,,VNA208,"Ультралегкий активный аква бустер с гиалуроновой кислотой
/Hydra-Repenishing Booster
",30 мл,"40,05","Бустер в виде геля с высоким содержанием гиалуроновой кислоты для моментального увлажнения. Входящий в состав формулы эксклюзивный  Algo4complex  увлажняет и тонизирует кожу, деликатно разглаживает ее, способствует повышению ее эластичности и увлажненности  в течение всего дня. Легкая освежающая текстура быстро впитывается, что позволяет сразу же наносить макияж или крем по типу кожи.   "
,,,,Крема,,207,"Крем антиоксидантный регенерирую-щий
/Regenerative Cream
",50 мл,"27,00","Регенерирующий ночной антивозрастной  крем  для сухой кожи, а также для чувствительной и поврежденной. Успокаивает кожу, препятствует  чрезмерному развитию капиллярной сети, нейтрализует действие свободных радикалов. Зимой рекомендуется использовать в качестве дневного крема  для  защиты от холода. В профессиональных процедурах используется на этапе глубокого  очищения под теплый компресс и для массажа лица. "
,,,,,,VNA201,"Ультра легкий увлажняющий  Аква сорбет
/Hydra-Refreshing Sorbet Gel
",50 мл,"31,50","Гель с освежающей тающей текстурой оказывает тонизирующее действие и дарит  оптимальное увлажнение для поддержания гидробаланса жирной и комбинированной кожи. Подтягивает расширенные поры и препятствует их деформации с течением времени.  Освежает кожу, выравнивает ее текстуру, придает ей нежность и бархатистость. "
,,,,,,102,"Увлажняющий нежный крем
/Moisturising Tender Cream
",50 мл,"33,00","Дневной крем для увлажнения нормальной и комбинированной кожи с Algo3-комплексом. Оказывает антиоксидантное и регенерирующее действие. Восстанавливает водный баланс и эластичность кожи. Не оставляет на коже жирной пленки, поэтому может служить прекрасной базой под макияж.  "
,,,,,,VNA202,"Увлажняющий нежный крем с гиалу-роновой кислотой
Запуск естественных механизмов увлаж-нения кожи
/Hydra-Tender Cream
",50 мл,"33,00","Увлажняющий дневной легкий крем для нормальной и комбинированной кожи  помогающий сохранять оптимальный уровень увлажнения в любых обстоятельствах. Кодиум восстанавливает способность кожи удерживать воду, Гиалуроновая кислота увлажняет и наполняет кожу, Саликорния улучшает диффузию воды, стимулируя синтез аквапоринов и снижая трансдермальную потерю влаги. Синеголовник приморский запускает естественные механизмы увлажнения кожи, стимулируя синтез гиалуроновой кислоты. Хорошо увлажненная кожа становится гладкой и упругой, излучает здоровое сияние и чувствует себя комфортно."
,,,,,,VNA203,"Насыщенный Увлажняющий крем Комфорт для зрелой кожи.
/Hydra-Comfort Rich Cream
",50 мл,"33,75","Увлажняющий дневной питательный крем для сухой и возрастной кожи с нежной воздушной текстурой моментально дарит даже самой обезвоженной и сухой коже ощущение комфорта, не оставляя жирной пленки. Кодиум восстанавливает способность кожи удерживать воду, Гиалуроновая кислота увлажняет и наполняет кожу. Саликорния улучшает диффузию воды, стимулируя синтез аквапоринов и снижая трансдермальную потерю влаги. Синеголовник приморский запускает естественные механизмы увлажнения кожи, стимулируя синтез гиалуроновой кислоты. Хорошо увлажненная кожа становится гладкой и упругой, излучает здоровое сияние и чувствует себя комфортно."
,,,,,,VNA005,"Ревитализирующий защитный крем
/Revitalising Hydro-Protecting Cream
",50 мл,"36,00","Это инновационный омолаживающий крем оказывает тройное действие, помогая сохранить красоту зрелой кожи. Восстанавливает эпидермальный барьер  и обладает мощным противовоспалительным действием.  Наполняет кожу энергией и дарит ей оптимальное увлажнение в течение всего дня. Оказывает общее укрепляющее действие, повышая упругость и эластичность кожи, способствует сокращению морщин и моделирует овал лица, делая его контуры более четкими и подтянутыми "
,,,,,,277,"Очищающий анти акне  флюид
/Purifying Night Fluid
",30 мл,"36,75","Крем - гель для  проблемной кожи с акне с выраженным терапевтическим действием. Нормализует деятельность сальных желез, обеспечивает  антибактериальную защиту кожи, предупреждает и способствует заживлению угревых высыпаний, нормализует уровень pH. Восстанавливает барьер эпидермальных липидов, нарушенный вследствии гиперсекреции кожного сала. Усиливает регенерацию клеток и способствует более быстрому заживлению кожи при угревой болезни, постакне и любых повреждениях, в том числе после косметической экстракции."
,,,,,,5330,"Легкий крем «Безупречная кожа»
/Perfect Skin Cream-Gel
",100 мл,"57,00","Увлажняющий легкий крем коррекции первых признаков старения вызванных недостатком энергии. Это средство ухода разработано специально для девушек 30+ лет, ведущих активный образ жизни.   Недостаток сна, стресс, диета, смена часовых поясов, переутомление, вызванное рождением ребенка… При нехватке энергии кожа выглядит тусклой и уставшей. Уникальная формула поможет сохранить  красоту и здоровье, стирая с лица следы усталости, наполняя кожу энергией, восстанавливая ее тонус и сияние. Крем уменьшает поры и  нормализует работу сальных желез, помогая коже сохранять матовую свежесть в течение всего дня. "
,,,,,,295,"Активная успокаивающая  крем-сыворотка
/Active Night Serum
",,,"Кожа – это естественный защитный барьер организма. Агрессивное внешнее воздействие (УФ-лучи, холод, жесткая вода…) повышает чувствительность кожи, она истончается и становится более уязвимой. Ощущение дискомфорта и стянутости, сухость, шелушение, покраснения, купероз сигнализируют, что кожа повреждена и нуждается в специальном уходе. Успокаивающая высокоэффективная эмульсионная сыворотка для чувствительной кожи и кожи с куперозом снимает  покраснение кожи, успокаивает, восстанавливает структуру и функцию эпидермального барьера.  "
,,,,,,120,"Дневной крем со стволовыми клетка-ми «Возрождение молодости»
/Initial Youth Day Cream
",50 мл,"44,25","Дневной крем  со стволовыми клетками для молодых женщин 35+. Его формула, вдохновленная самыми современными научными достижениями и обогащенная высокоэффективными ингредиентами, способствует заметному сокращению  морщин, обеспечивает оптимальное увлажнение кожи, пробуждает ее сияние и помогает сохранять ее молодость. Час за часом. День за днем"
,,,,,,130,"Крем «Лифтинг и Сияние»
/Lift&Lumiere Cream
",50 мл,"73,50","Дневной Крем с выраженным омолаживающим действием 40+ .  Обеспечивает моделирование овала  лица, коррекцию мимических морщин, питание, увлажнение и антиоксидантную защиту кожи, оказывает эффект лифтинга и укрепляет контуры лица, помогая избавиться от второго подбородка  Текстура мусса со светорассеивающими микропигментами Glow-Tech уже при первом применении гарантирует невероятный эффект — кожа начинает буквально сиять изнутри! "
,,,,,,133,"Ночной укрепляющий крем 40+
«Лифтинг и Сияние» 
Лифтинг, упругость, тонус 
/Lift&Lumiere Cream
",50 мл,"58,50","Крем с выраженным омолаживающим действием 40+  для моделирование овала  лица и коррекции мимических морщин. Обеспечивает комплексное ухаживающее действие в ночные часы: восстанавливает плотность и упругость кожи, питает и увлажняет ее, способствует сокращению пигментации, укрепляет контуры лица, помогая избавиться от второго подбородка. Утром кожа выглядит гладкой, свежей и сияющей."
,,,,,,VNA701,"Укрепляющий крем с эффектом дермафиллера для коррекции види-мых признаков старения 50+
/Redensifying & Plumping Cream
",50 мл,"63,75","Тщательно отобранные морские экстракты воздействуют на все основные признаки старения, способствуют уменьшению выраженности морщин, улучшают тонус и упругость, укрепляют кожу и возвращают ей естественное сияние. Уникальная формула рекомендовано для женщин старше 50 лет.    Регулярное применение крема создает эффект биоревитализаци:  выравнивает и освежает тон кожи, способствует восстановлению формы и гармоничных пропорций лица, защищая жировую ткань от истощения и препятствуя ее опущению"
,,,,,,288,"Осветляющий дневной крем с витами-ном С
/Clarifying Day Cream
",50 мл,"36,00","Дневной крем для всех типов кожи воздействует одновременно на все три составляющие безупречного тона кожи: контраст, сияние и цвет. Выравнивая цвет лица, осветляет тон кожи и придает ему здоровое  сияние. Увлажняет кожу, препятствует развитию дегидратации, защищает от воздействия свободных радикалов, предупреждает появление пигментных пятен."
,,,,,,VNA303,"Успокаивающий смягчающий крем 
/Anti-Pollution & Soothing Cream
",50 мл,"37,80","Проявляя заботу к коже, это шелковистый крем возвращает ее в состояние комфорта сразу же во время нанесения. Великолепная защита кожи в течение дня. Восстанавливает эпидермальный барьер и защищает кожу от агрессивного воздействия факторов окружающей среды (солнце, холод, ветер). Снижает чувствительность и раздражение, укрепляет стенки кровеносных сосудов, обеспечивает профилактику появления телеангиоэктазий. Оказывает мощное антиоксидантное действие, увлажняет, питает и успокаивает кожу. Идеальная основа под макияж."
,,,,,,294,"Крем смягчающий успокаивающий
/Caress Day Cream
",50 мл,"36,00","Легкий крем для чувствительной, гиперчувствительной и  кожи с куперозом. укрепляет сосудистые стенки, способствует нормализации микроциркуляции крови и восстановлению гидролипидной мантии эпидермиса, восстанавливает и уплотняет соединительнотканную прослойку (матрикс) в капиллярах, уменьшает покраснение и повышенную чувствительность кожных покровов. Помогает коже  выглядеть гладкой и сияющей. Идеальная основа под макияж."
,,,,,,317,"Крем «Тройное С»
/Triple C Cream
",50 мл,"31,50","Насыщенный крем для сухой и чувствительной  кожи с  тенденцией к куперозу. Обогащенный высокоэффективными растительными экстрактами крем показывает свою эффективность уже после первых дней применения. Снижает чувствительность и раздражение кожи, укрепляет стенки кровеносных сосудов,  улучшает микроциркуляцию, уменьшает покраснение. Защищает кожу, обеспечивает оптимальное увлажнение и питание, способствует восстановлению плотности всех слоев кожи"
,,,,,,276,"Легкий увлажняющий крем 
с матовым эффектом
/Anti-Shine Moisturiser
",50 мл,"30,00","Легкиий крем на основе растительных экстрактов для жирной, комбинированной чувствительной кожи    моментально успокаивает кожу, устраняет жирный блеск и сужает поры. Нормализует деятельность сальных желез и процессы кератинизации, улучшает текстуру кожи, выравнивает цвет лица. Оказывает  антиоксидантное, регенерирующее,  тонизирующее действие, матирует кожу и дарит ей оптимальное увлажнение в течение всего дня.  Идеальная основа под макияж. "
,,,,,,357,"Солнцезащитный флюид SPF 30
/High Protection Day Screen SPF 30
",40 мл,"43,80","Легкий дневной крем для профилактики фото- и хроностарения с высоким фактором защиты SPF 30. Оказывает мощное антиоксидантное и успокаивающее действие, замедляет процессы фотостарения, восстанавливает баланс кожи. Мгновенно впитывается, защищает кожу от обезвоживания,появления пигментных пятен.  "
,,,,,,136,"СС Крем  SPF 20
/CC Cream
",30 мл,"39,30","Нежнейший дневной крем с эффектом легкого загара. Инновационные пигменты, заключенные в специальные микрокапсулы прекрасно подстраиваются под тон кожи, маскируют недостатки на ее поверхности, обеспечивают однородный и свежий цвет лица, обладают длительным матирующим действием."
,,,,Интенсивный уход (маски),ALGOLOGIE CLASSIC,110,"Крем-маска на основе морского ила
Для детокса кожи лица  
/Marine Plants Mask
",75 мл,"27,00","Маска для тусклой кожи с признаками стресса и усталости. Морской ил оказывает поросуживающее, успокаивающее, антибактериальное и противоотечное действие моментально устраняя отечность лица и ощущение тяжести, появляющиеся после сна, а также под действием стресса, жары или гормональных изменений.  Зеленая глина удаляет с поверхности кожи излишки кожного жира, омертвевшие клетки и загрязнения, восстанавливая свежий здоровый цвет лица."
,,,,,,293,"Успокаивающая крем-маска
 «Комфорт»
/Comfort Mask
",75 мл,"24,00","Маска для чувствительной кожи и кожи с куперозом,  которая сокращает видимые сосудистые изменения и  предотвращает развитие капиллярной сети.  Мгновенно снимает покраснения, успокаивает,  оказывает смягчающий и увлажняющий эффект. Активирует иммунную защиту кожи,  укрепляет стенки кровеносных сосудов,  улучшает микроциркуляцию. Придает коже максимальное чувство комфорта и необыкновенной свежести."
,,,,,,132,"Укрепляющая крем-маска 
«Лифтинг и Сияние»
/Lift&Lumiere Firming Radiance Mask
",50 мл,"40,50","Укрепляющая крем-маска  с высоким содержание натуральных пептидов для расслабления мышц лица и комплексного укрепляющего воздействия на кожу, разглаживая ее и устраняя последствия усталости и стресса. Оказывает мгновенный лифтинг, корректирует овал, устраняет покраснение и раздражение.  Всего за 10 минут лицо становится гладким, свежим, сияющим и выглядит заметно моложе. 1-2 раза в неделю используйте как ночную маску."
,,,,,ALGOLOGIE NEW,VNA012,"Кислородная оживляющая маска
устранение следов усталости и пробуждение сияния кожи
 /Oxygenating & Revitalising Mask
",40 мл,"31,50","Образ и условия  жизни могут негативно сказываться на состоянии кожи и приводят к накоплению шлаков в организме, в результате чего кожа испытывает недостаток кислорода и утрачивает свое сияние.  Легкая кремообразная маска превращается в белую пену с высоким содержание кислорода для наполнения зрелой кожи энергией присущей молодой кожи.   Маска освежает, успокаивает,  подтягивает, улучшает цвет, тонус и тургор кожи. Насыщенная кислородом кожа становится гладкой и нежной, а цвет лица - свежим и сияющим. "
,,,,,,VNA206,"Наполняющая влагой ночная маска
Восполнение энергии уставшей кожи 
/Hydra-Replenishing Sleeping Mask
",50 мл,"27,75","Гелевая маска с высоким содержанием  увлажняющих и пептидных компонентов, способствует сокращению морщин, укрепляет и успокаивает кожу, дарит ей длительное ощущение комфорта.  Способствует интенсивному восстановлению кожи в ночные часы. Утром кожа выглядит более здоровой свежей и сияющей."
,,,,,,VNA305,"Успокаивающая защитная крем-маска
/Comfort Nutri-Soothing Mask
",50 мл,"24,00","Нежная маска с текстурой воздушного мусса окутывает кожу мягкостью и обеспечивает супер-комфорт. Смягчает кожу, способствует регенерации и восстанавливает эпидермальный барьер. Успокаивает даже самую чувствительную кожу, препятствует развитию капиллярной сети, нейтрализует действие свободных радикалов. Как результат совершенная текстура, чистота и гладкость кожи, ровный сияющий цвет лица."
,,,,,,VNA703,"Укрепляющая крем-маска с волюмизи-рующим эффектом
/Redensifying & Plumping Mask
",50 мл,"39,75","Выглядеть потрясающе после  напряженного рабочего дня, многочасового перелета или когда нет времени выспаться? Эта маска с эффектом дермафиллера  - то, что вам нужно! Всего за 15 минут она приведет в тонус кожу  и устранит следы усталости. Сочетание  уникальных ингредиентов   придает упругость и эластичность, заполняет морщины, выравнивает цвет,   устраняет отечность, подтягивает  кожу  и дарит ей ощущение комфорта "
,,,,Уход за кожей вокруг глаз  и губ,,VNA102,"Средство для снятия макияжа с глаз и губ
/Eye Make-Up Remover
",125 мл,"24,75","Улучшенная формула  эффективно снимает макияж с век  и ресниц,  включая водостойкую тушь, подходит при наличии контактных линз и для очень чувствительной кожи. Синергизм Розовой и Васильковой воды обладает противовоспалительными  свойствами, уменьшает отечность и морщинки вокруг глаз. Cиликоновое масло смягчает, обеспечивает длительное увлажнение и защиту. "
,,,,,,536,"Гель-контур для век
Сокращение темных кругов и отеков
/Eye Contour Gel
",20 мл,"20,25","Этот гель с очень легкой освежающей нежирной текстурой, оказывает  увлажняющее и противовоспалительное действие, снимает отечность, предупреждает образование мешков, темных кругов  и морщин под глазами,  возвращая взгляду сияющий отдохнувший вид. Формула на основе растительных экстрактов  стимулирует микроциркуляцию, оказывает дренирующее действие, моментально дарит ощущение  свежести и подходит даже для самой чувствительной кожи."
,,,,,,538,"Крем-контур для век увлажняющий
Против морщин, темных кругов и отеков
/Eye Contour Cream
",20 мл,"22,50","Легкий крем, активная формула которого обеспечивает профилактику и коррекцию первых признаков старения нежной кожи вокруг глаз. Способствует заметному сокращению морщин, увлажняет, питает, защищает от свободных радикалов,  тонизирует кожу и дарит ей ощущение комфорта.   Легкая освежающая текстура крема быстро впитывается, что позволяет сразу же наносить макияж."
,,,,,,135,"Интенсивный бальзам для кожи вокруг глаз с  эффектом лифтинга
/Lift&Lumiere Intense Eye Balm
",20 мл,"42,00","Интенсивный омолаживающий уход для кожи вокруг глаз тройного действия для женщин старше 40 лет. Мгновенно придает сияние кожи вокруг глаз,  способствуя сокращению темных кругов.  Приводит кожу в тонус, разглаживает морщинки и устраняет следы усталости.  Визуально увеличивает глаза, обеспечивая эффект лифтинга и устраняя отечность век, придав взгляду свежий отдохнувший вид."
,,,,,,VNA702,"Бальзам для контура глаз и губ с волюмизирующим эффектом 50+
/Plumping Eye & Lip Contour Balm
",15 мл,"42,75","Этот бальзам помогает сохранить молодость и красоту глаз женщинам старше 50 лет. Восстанавливает плотность и упругость кожи, разглаживает морщины, обеспечивает эффект лифтинга, способствует сокращению темных кругов и отеков под глазами. Моделирующий и наполняющий эффекты достигаются за счет комбинации растительных и водорослевых пептидов,  стимулирующих  выработку структурных элементов дермы.  День за днем кожа становится более гладкой и свежей, а взгляд - выразительным и сияющим."
,,,,,,539,"Крем - Маска «Сияние глаз»
воздействие на все признаки старения 
/Eye Mask
",50 мл,"27,00","Кремообразная маска с нежным ароматом помогает сохранить молодость и красоту глаз. Обеспечивает эффект увлажнения и лифтинга,  снимает проявления стресса и усталости, обладает противоотечным действием.  Разглаживает нежную кожу вокруг глаз, способствует повышению ее упругости, питает и дарит ощущение комфорта. Признаки старения сокращаются, глаза выглядят моложе."
